,,,Honestidad,Honestidad,Honestidad,Honestidad,Autocontrol,Autocontrol,Autocontrol,Tolerancia  ,Tolerancia  ,Tolerancia  ,Tolerancia  ,Empatia,Empatia,Empatia,Empatia,Empatia,Responsabilidad,Responsabilidad,Responsabilidad,Responsabilidad,Justicia,Justicia,Justicia,Justicia
Nombre,¿Con que genero te identificas?,¿Que edad tienes?,Siempre digo la verdad incluso si puede traerme problemas. ,Si recibes mas cambio del que te corresponde en una tienda ¿Que tan probable es que lo regreses?,Si descubro un error que me beneficia lo reporto sin dudarlo,Me incomoda cuando los demas exageran o adornan la verdad para verse mejor,Mantengo la calma en situaciones de estres o conflicto. ,Soy capaz de controlar mis emociones para tomar decisiones acertadas,Cuando tengo muchas emociones al mismo tiempo prefiero tomar distancia antes de actuar,¿Te consideras una persona impaciente?,Te enfrentas a un problema nuevo y complicado ¿Qué tan dispuesto estas a probar soluciones diferentes y creativas? ,Necesitas mas horas al da para tener tiempo necesario para hacer todo aquello que quieres,Cuando alguien me contradice no lo tomo como un ataque personal,¿Te resulta angustioso tener que esperar tu turno en algun lugar?,En una conversacion ¿te gusta hablar sobre temas poco comunes o novedosos aunque otros no los conozcan mucho? ,¿Crees que las personas notan cuando te encuentras incómodo en alguna situacion?,Estas en un grupo de amigos y empiezan a hablar de algo que no te interesa para nada ¿Muestras interes y haces preguntas aunque no te importe nada en absoluto?,He evitado hacer comentarios que podrán parecer graciosos pero herir a alguien,¿Te sientes culpable cuando descansas y no haces nada?,A veces siento que si yo no hago las cosas nadie mas las hara bien ,Me exijo mas de lo que los demás esperan de mas ,Prefiero asumir la culpa antes que señalar a alguien mas cuando algo sale mal en equipo. ,He defendido a alguien aunque eso me pusiera en desventaja con personas de autoridad ,Si veo que alguien recibe un trato injusto y todos callan me cuesta quedarme en silencio,Trato de actuar igual con todos aunque me caigan mal o bien,He discutido con amigos o familiares por defender lo que creo justo
Israel maldonado,Hombre,25 - 34,5,5,5,5,5,5,5,5,5,5,5,1,5,1,5,5,1,1,5,5,5,5,5,5
Maria del Carmen Vidal barajas ,Mujer,35 - 44,4,5,5,3,1,3,3,4,4,5,3,3,4,5,2,1,5,4,3,1,3,4,3,4
Isela ,Mujer,15 - 24,4,5,5,3,3,4,5,5,3,3,2,5,5,5,5,5,5,5,4,3,4,4,1,5
melany ,Mujer,15 - 24,2,5,2,3,4,3,5,4,3,3,4,5,3,5,4,4,4,3,3,3,4,4,5,5
Emmanuel Aguilar Almanza,Hombre,15 - 24,4,5,3,4,2,4,4,2,3,5,2,3,2,2,3,4,5,2,4,3,4,4,5,3
Karime ,Mujer,15 - 24,4,5,4,5,3,3,4,3,4,5,3,3,5,3,3,3,4,4,4,3,4,4,3,5
Fatima ,Mujer,15 - 24,4,5,4,4,5,5,5,3,4,5,1,2,5,5,5,5,2,3,4,3,5,5,4,5
Fernando rubio,Hombre,15 - 24,4,5,3,4,4,3,4,2,5,5,2,1,3,5,2,4,1,2,4,2,5,4,1,5
Ivan Arafath Sanchez Aviles,Hombre,15 - 24,4,5,3,5,4,5,2,2,3,5,2,2,3,2,4,5,4,3,4,4,4,4,5,2
Emiliano Martinez Rea,Hombre,15 - 24,3,5,3,3,2,2,4,3,4,4,2,3,4,5,4,3,3,3,5,4,4,5,3,5
Eduardo ,Hombre,15 - 24,4,5,5,3,1,3,3,5,5,5,3,3,4,4,5,5,3,5,4,5,5,5,5,4
Maria Jose,Mujer,15 - 24,4,5,3,5,3,4,4,2,4,4,3,1,3,2,5,5,2,5,4,3,4,3,4,5
Denisse,Mujer,15 - 24,4,5,4,4,3,3,4,4,3,3,2,2,2,4,4,4,3,4,4,2,4,4,2,3
Alexa Vivas Godínez ,Mujer,15 - 24,4,5,4,5,3,4,5,5,3,3,2,4,2,3,3,1,5,4,2,5,4,1,1,5
Carol Alexa Mendez Guerrero ,Mujer,15 - 24,4,5,4,5,4,3,5,3,5,4,2,3,5,5,5,4,2,5,5,4,4,4,5,5
Alma,Mujer,15 - 24,4,5,3,3,4,4,3,3,3,3,3,2,2,3,2,4,3,4,4,4,3,4,4,4
Erick Salvador Acosta ,Hombre,15 - 24,3,5,3,3,2,2,3,2,4,4,4,3,4,2,4,4,4,3,3,2,4,4,5,4
Isaac Toledo,Hombre,45 - 54 ,4,5,5,5,4,5,5,3,5,4,1,3,5,5,5,5,4,4,5,4,5,5,5,5
Grace,Mujer,15 - 24,5,5,5,5,5,5,5,1,4,1,1,1,5,5,1,5,1,1,2,1,5,5,2,5
Gerardo Manzano,Hombre,15 - 24,5,5,3,5,3,3,4,5,3,4,2,2,3,5,2,2,4,4,3,3,3,3,1,5
Reyna Patricia Ruiz Moreno ,Mujer,25 - 34,4,5,5,3,2,3,4,2,3,3,2,1,3,5,4,4,5,4,5,5,3,2,2,4
Juan,Hombre,15 - 24,3,5,5,5,3,3,3,1,4,5,3,3,3,3,3,3,3,3,4,3,3,4,4,3
Diego Arriaga Morales ,Hombre,15 - 24,3,5,4,4,3,3,3,2,3,2,1,2,3,3,3,4,4,2,4,3,2,4,5,3
Salvador ,Hombre,15 - 24,5,3,3,4,5,5,5,3,3,3,2,3,4,3,4,4,2,3,3,5,4,5,4,3
Doralicia Vite Vite ,Mujer,25 - 34,5,5,5,5,5,5,5,3,5,4,5,4,3,2,1,2,3,5,5,4,5,4,5,5
Rosa Rodriguez ,Mujer,15 - 24,4,5,4,1,3,4,5,3,4,3,2,3,3,3,5,5,4,4,5,3,3,3,5,5
Sofia Salazar,Mujer,15 - 24,4,5,5,5,5,5,4,1,5,5,1,2,2,5,3,5,1,4,3,2,2,3,5,4
Liliana Patricia ,Mujer,15 - 24,3,5,3,4,2,3,2,5,3,3,2,3,4,4,1,1,4,2,3,2,3,2,4,4
Gabriela ,Mujer,15 - 24,3,5,4,5,4,4,4,3,4,4,3,3,4,3,3,5,4,1,3,3,3,4,5,5
Josue Rivera,Hombre,15 - 24,4,5,4,3,4,4,2,3,5,4,2,1,3,4,5,4,4,4,4,3,3,3,2,4
Eri,Mujer,25 - 34,4,5,3,5,5,5,4,2,5,3,1,3,4,4,5,4,3,5,4,4,3,4,5,4
Maria Jose,Mujer,15 - 24,3,5,4,5,2,4,5,5,4,4,3,5,5,3,2,4,4,4,5,2,4,3,3,5
Lizeth Lopez Zamudio ,Mujer,45 - 54 ,5,5,3,3,5,5,4,3,5,3,2,3,4,3,3,5,3,3,3,2,3,5,2,3
Luis Neiser ,Hombre,15 - 24,4,5,4,4,4,5,3,3,5,4,3,3,4,4,4,5,4,4,3,3,4,3,5,5
Salvador muñoz,Hombre,15 - 24,4,5,4,5,3,3,5,1,4,5,1,1,3,5,1,2,4,3,4,5,3,3,1,5
Amairani,Mujer,15 - 24,3,3,3,5,2,3,3,4,3,3,3,3,5,5,5,3,5,5,5,1,5,4,3,5
Maria Roxana Ortega Renteria ,Mujer,15 - 24,4,3,4,5,4,4,5,3,5,5,3,3,4,4,4,4,5,4,5,3,3,3,4,4
Lizbeth Gutierrez ,Mujer,15 - 24,3,5,4,1,4,2,5,1,3,5,2,2,2,1,2,2,5,5,5,1,1,5,3,5
Martha Alexandra Hernandez Valle ,Mujer,15 - 24,4,3,3,5,4,4,5,4,4,4,5,4,5,5,5,3,1,5,5,3,3,5,4,5
Jesus olvera,Mujer,45 - 54 ,5,5,5,5,3,3,5,5,5,5,5,5,5,5,1,3,5,5,5,1,5,5,5,5
Martina Gutierrez Cruz,Mujer,15 - 24,3,5,5,4,4,4,3,3,3,5,5,5,4,5,5,1,1,5,4,4,4,5,2,5
Luz Elena Martínez Romero ,Mujer,15 - 24,4,5,5,3,2,2,4,1,5,5,1,1,5,3,5,5,5,1,4,5,5,5,5,5
Ana Alicia Rivera Lopez ,Mujer,15 - 24,5,5,5,5,4,5,5,4,5,4,1,1,4,4,4,5,2,3,4,4,5,4,4,5
Andrea Treviño ,Mujer,15 - 24,4,5,4,5,5,4,4,2,4,3,1,3,2,3,2,5,5,3,3,2,2,3,5,4
Polet ,Mujer,15 - 24,4,5,5,1,3,3,3,3,4,3,1,2,4,5,3,4,3,3,2,5,5,4,4,2
Nancy Treviño ,Mujer,35 - 44 ,4,3,3,5,5,4,3,3,4,3,2,3,3,5,2,2,1,4,3,3,4,4,1,5
Luis Miguel Gutierrez Olvera ,Hombre,15 - 24,5,1,5,5,5,5,5,1,5,1,5,1,1,3,4,5,4,2,5,1,1,3,5,4
Rocio ,Mujer,15 - 24,3,5,2,4,2,4,3,3,4,2,1,1,2,3,2,5,3,1,3,3,3,3,5,3
Angel Ramirez ,Hombre,15 - 24,3,5,5,2,3,3,4,2,5,4,1,2,5,5,5,3,4,4,5,3,4,5,5,5
Cynthia,Mujer,15 - 24,4,5,5,3,3,3,4,4,3,4,2,3,4,4,4,4,4,4,4,4,3,3,3,4
Richi,Hombre,15 - 24,3,5,2,5,5,5,1,3,4,5,3,4,2,3,5,3,5,3,4,3,5,5,2,4
Luis Mario Hernandez Guzman ,Hombre,15 - 24,4,5,5,4,3,3,3,3,3,5,3,2,3,3,1,5,4,4,5,4,4,4,2,5
Alejandra Ramirez ,Mujer,15 - 24,4,5,1,5,5,5,5,1,5,5,1,1,5,2,5,5,5,1,5,5,5,5,5,5
Aiden,Hombre,15 - 24,4,4,5,5,3,3,4,5,4,4,3,5,5,3,3,4,4,4,4,3,4,4,3,5
Sergio,Con los 2,35 - 44 ,5,5,3,5,4,4,5,2,5,5,2,1,5,5,4,5,1,2,4,4,4,4,5,5
Karla ,Mujer,15 - 24,4,5,4,5,3,4,4,1,4,1,2,1,3,4,3,5,3,5,4,4,4,2,5,4
Maria de Lourdes Guzman ,Mujer,15 - 24,5,5,5,5,4,3,5,2,4,3,3,3,4,3,3,3,4,3,3,3,4,5,5,3
Gustavo Angel Gonzalez Barron,Hombre,15 - 24,5,5,5,5,3,3,3,4,4,5,4,4,3,3,2,2,4,4,4,5,4,5,3,3
Elena Rodriguez Medina,Mujer,15 - 24 ,1,2,3,2,2,3,4,4,4,1,1,4,3,5,1,1,5,1,2,3,4,2,3,1
Esperanza Vega Romero,Con los 2,15 - 24 ,1,4,2,2,3,3,4,2,1,1,3,2,5,1,2,3,2,5,1,3,5,3,5,4
Alvaro Garcia Cervantes,Hombre,45 - 54,5,2,3,2,5,1,2,1,3,3,1,5,3,2,5,2,1,2,5,5,5,2,3,1
Lucia Figueroa Medina,Mujer,15 - 24,5,3,5,1,3,4,3,1,1,5,2,1,1,1,1,1,2,2,2,2,3,5,3,1
Dolores Sanchez Sanchez,Mujer,15 - 24,1,4,2,4,4,3,4,3,3,3,1,5,5,3,5,2,5,3,4,5,3,3,2,5
Rodrigo Cervantes Gonzalez,Hombre,15 - 24,2,1,2,4,5,4,2,2,3,2,4,2,5,2,5,5,4,4,5,3,4,5,5,1
Roberto Figueroa Vazquez,Hombre,25 - 34,2,2,5,3,2,2,4,4,2,3,1,4,5,2,1,4,4,1,2,2,1,1,3,2
Karla Valdez Ramirez,Mujer,35 - 44 ,1,5,4,5,2,2,5,1,3,4,3,2,4,5,5,2,4,2,5,3,3,2,2,3
Yolanda Ruiz Vega,Mujer,25 - 34,5,4,2,2,5,2,2,4,4,4,5,2,4,3,5,4,2,1,1,4,2,2,3,5
Emilio Salinas Sanchez,Hombre,35 - 44 ,2,4,2,3,4,4,1,5,2,5,4,3,3,3,4,4,2,3,4,2,4,2,3,5
Eduardo Romero Garcia,Hombre,45 - 54 ,1,5,4,4,4,4,2,5,5,2,2,4,2,4,1,3,1,3,3,3,1,1,5,5
Cristian Sandoval Ramirez,Hombre,35 - 44 ,2,1,3,5,2,3,4,3,3,2,2,1,3,3,4,1,3,3,4,2,1,4,3,3
Margarita Hernandez Vargas,Mujer,35 - 44 ,3,3,1,2,1,1,2,2,5,1,2,1,4,3,3,5,2,1,5,4,5,1,1,1
Gerardo Carrillo Contreras,Hombre,15 - 24,4,4,3,3,2,3,5,2,5,2,5,1,2,2,4,3,3,3,3,4,4,3,5,5
Francisca Salinas Torres,Mujer,25 - 34,5,3,3,5,3,1,1,3,1,2,2,5,4,5,5,5,1,3,5,1,5,3,3,5
Regina Sandoval Moreno,Mujer,25 - 34,3,4,1,1,1,4,5,5,3,1,1,5,3,2,1,3,5,3,2,1,3,5,1,4
Alma Luna Mendoza,Mujer,25 - 34,2,4,2,1,1,4,2,3,3,1,5,5,1,2,1,5,5,4,4,5,3,5,1,2
Tomas Espinoza Luna,Hombre,25 - 34,4,3,4,5,5,5,3,5,1,1,1,1,5,3,4,5,2,3,1,4,1,1,4,4
Sandra Cruz Martinez,Mujer,45 - 54 ,5,2,1,5,3,1,1,1,3,2,5,3,1,5,3,3,1,5,2,2,3,1,3,2
Carlos Cruz Sanchez,Hombre,45 - 54 ,1,3,4,4,3,4,4,1,1,2,1,5,2,1,5,1,3,2,2,4,2,5,2,1
Paola Ramirez Ramirez,Mujer,25 - 34,5,1,2,4,2,3,3,2,2,5,5,4,4,4,4,1,2,1,4,2,5,2,1,3
Alma Romero Moreno,Mujer,35 - 44 ,5,4,3,5,5,2,3,3,2,4,5,4,4,4,4,3,1,3,5,3,3,4,1,1
Valentin Carrillo Ruiz,Hombre,15 - 24,4,2,1,1,5,1,2,1,4,1,1,1,1,5,2,1,2,2,5,2,5,1,1,3
Fernanda Cervantes Carrillo,Mujer,15 - 24,4,2,5,3,3,5,3,2,2,3,3,2,5,4,4,3,3,2,3,4,3,1,5,2
Patricia Herrera Reyes,Con los 2,45 - 54 ,1,3,1,3,5,1,2,5,3,4,4,1,1,5,3,5,2,2,1,3,1,5,3,1
Teresa Cervantes Vazquez,Mujer,35 - 44 ,4,2,4,5,2,5,1,5,4,2,3,5,1,5,2,4,3,2,1,1,5,4,5,2
Mateo Soto Gutierrez,Hombre,35 - 44 ,5,4,1,4,4,4,1,2,2,5,3,3,1,3,2,2,3,3,5,1,3,5,2,5
Alejandro Lara Moreno,Hombre,25 - 34,5,2,3,1,5,1,2,4,2,4,3,2,2,4,5,3,3,3,2,1,4,2,1,5
Alma Mendoza Guerrero,Mujer,35 - 44 ,2,5,4,5,5,3,4,1,4,3,4,3,5,2,1,2,2,2,5,4,1,2,5,1
Alma Carrillo Garcia,Mujer,45 - 54 ,5,1,5,2,5,5,1,2,4,4,5,3,3,3,5,3,2,4,5,2,4,3,5,4
Jesus Morales Ruiz,Hombre,35 - 44 ,2,4,1,2,3,3,5,2,1,5,3,5,2,5,5,3,4,5,5,5,3,2,3,3
Valentin Morales Figueroa,Hombre,45 - 54 ,1,5,1,2,2,1,4,5,4,3,4,2,4,5,3,4,2,4,3,2,5,4,5,3
Sebastian Gonzalez Reyes,Hombre,45 - 54 ,3,5,1,2,1,3,4,4,4,4,3,2,5,1,4,4,2,4,1,5,2,4,1,4
Dolores Perez Mendoza,Mujer,35 - 44 ,1,3,3,4,5,3,1,3,5,1,5,2,3,4,4,4,3,3,1,1,2,5,5,2
Gabriel Ortega Gonzalez,Hombre,45 - 54 ,3,1,3,4,2,2,3,4,3,3,3,3,2,2,2,1,1,2,4,4,2,1,5,3
Marisol Martinez Lara,Mujer,45 - 54 ,2,5,3,3,1,2,1,5,2,4,4,4,4,5,4,2,1,2,5,1,3,2,1,4
Rebeca Guerrero Valdez,Mujer,25 - 34,4,5,2,3,2,1,3,3,1,4,3,3,5,1,5,4,3,1,3,2,3,1,5,5
Rebeca Contreras Reyes,Mujer,35 - 44 ,3,1,5,5,5,2,3,1,3,1,3,5,5,1,1,5,1,3,1,5,2,1,2,1
Gabriela Figueroa Vega,Mujer,15 - 24,3,3,3,5,1,3,2,5,5,4,3,3,1,3,4,3,2,5,1,2,5,2,3,3
Oscar Herrera Flores,Hombre,25 - 34,4,2,4,3,2,3,1,3,2,5,3,4,4,4,1,4,1,4,4,4,4,2,3,5
Luz Figueroa Sanchez,Mujer,15 - 24,4,1,1,3,4,1,3,2,3,5,1,5,4,5,2,4,3,2,3,3,2,3,3,3
Sandra Gutierrez Vazquez,Mujer,25 - 34,4,4,4,1,5,3,2,4,1,3,5,2,5,4,4,3,2,5,5,2,3,3,3,5
Beatriz Lopez Castillo,Mujer,45 - 54 ,5,3,1,4,5,1,5,3,4,3,3,4,1,4,1,2,3,1,1,5,1,2,1,4
Sofia Herrera Salinas,Mujer,35 - 44 ,3,2,2,3,4,2,4,5,4,3,5,4,4,1,1,1,4,5,2,4,4,1,3,4
Paola Guerrero Garcia,Mujer,35 - 44 ,5,4,4,3,1,5,5,4,1,4,4,4,2,1,5,4,2,3,2,3,4,5,5,4
Andres Perez Ortega,Hombre,45 - 54 ,2,1,3,1,2,5,1,4,5,3,4,3,1,3,5,4,4,1,3,4,2,5,1,4
Manuel Ramirez Ruiz,Hombre,35 - 44 ,2,5,1,5,1,2,1,5,4,1,2,2,5,1,4,2,3,1,4,4,4,5,5,3
Monica Reyes Cervantes,Mujer,45 - 54 ,3,3,1,3,4,5,2,2,5,2,4,2,2,1,4,2,5,5,4,3,1,1,4,2
Silvia Martinez Morales,Mujer,15 - 24,2,3,1,4,4,2,5,3,4,5,4,4,5,3,2,5,4,2,3,5,2,5,2,1
Rafael Gomez Nunez,Hombre,15 - 24,5,3,5,4,2,3,3,5,3,1,4,4,4,3,5,2,2,5,5,4,4,2,2,1
Martha Hernandez Garcia,Con los 2,45 - 54 ,2,2,1,1,4,2,4,5,4,5,1,4,3,1,4,2,1,5,4,3,2,1,1,4
Oscar Guerrero Hernandez,Hombre,25 - 34,2,2,1,4,5,3,4,1,4,1,1,4,5,1,2,1,5,2,5,1,3,1,4,4
Oscar Torres Martinez,Hombre,35 - 44 ,1,1,5,1,4,1,4,1,3,4,1,1,3,3,4,3,1,5,3,1,1,5,2,1
Rocio Carrillo Torres,Mujer,25 - 34,2,1,5,2,2,5,1,2,1,3,4,5,3,1,2,1,2,4,5,3,2,4,1,2
Juana Sanchez Jimenez,Mujer,15 - 24,2,3,3,5,3,3,1,3,1,4,1,5,3,4,4,2,5,3,3,4,4,5,4,4
Maximiliano Flores Reyes,Hombre,25 - 34 ,2,4,1,1,1,4,4,3,4,3,2,3,4,3,1,3,4,1,3,3,1,1,3,2
Antonio Gutierrez Torres,Hombre,25 - 34 ,2,1,5,3,2,2,5,1,4,2,4,3,2,3,3,1,1,4,1,3,5,4,5,5
Patricia Luna Lara,Mujer,45 - 54 ,1,5,5,3,4,1,4,3,4,1,5,3,2,1,2,5,5,1,2,5,2,1,4,4
Fernanda Vazquez Cervantes,Mujer,45 - 54 ,4,2,1,1,1,2,1,5,4,4,2,2,3,2,5,3,4,1,4,5,1,4,3,1
Gerardo Cabrera Reyes,Hombre,15 - 24,1,2,5,4,5,1,5,3,2,1,3,3,4,5,5,5,1,2,5,1,1,3,2,1
Guadalupe Soto Rodriguez,Mujer,15 - 24,1,3,5,2,3,1,3,5,2,4,3,5,2,5,2,2,1,1,3,5,5,5,1,4
Blanca Diaz Luna,Mujer,45 - 54 ,4,3,4,1,1,5,4,3,4,2,5,5,2,1,2,4,3,1,2,1,5,4,3,1
Jesus Figueroa Sandoval,Hombre,35 - 44 ,3,2,4,5,4,4,4,1,2,1,2,1,1,2,1,3,2,3,2,2,2,4,2,3
Cristian Soto Valdez,Hombre,25 - 34 ,1,3,3,4,1,4,3,5,4,4,3,5,5,5,5,1,5,4,5,4,3,5,4,3
Teresa Aguilar Ramos,Mujer,35 - 44 ,1,3,3,2,4,5,4,4,5,5,5,5,5,5,2,1,5,3,2,2,4,1,4,3
Karla Lopez Luna,Mujer,15 - 24,2,5,5,1,4,4,5,4,5,2,5,5,3,5,5,3,2,5,1,3,3,4,4,4
Patricia Lopez Romero,Mujer,45 - 54 ,1,2,3,5,2,1,4,3,2,1,4,1,2,2,2,1,4,4,5,3,3,1,3,4
Gabriela Romero Aguilar,Mujer,45 - 54 ,1,3,2,2,4,5,1,5,5,5,3,2,4,2,2,2,1,5,4,4,4,3,5,2
Fernanda Nunez Reyes,Mujer,35 - 44 ,2,5,5,5,2,1,5,5,5,1,3,2,2,4,5,3,3,4,2,2,1,2,4,4
Guillermo Sandoval Lopez,Hombre,45 - 54 ,2,5,5,4,1,4,5,3,2,3,5,1,3,2,3,3,2,1,1,4,1,5,3,5
Margarita Ruiz Torres,Mujer,35 - 44 ,3,5,3,1,4,1,2,1,4,4,4,5,4,5,3,2,1,5,2,4,2,2,4,2
Sofia Cruz Cruz,Mujer,15 - 24,5,5,2,2,1,3,1,2,1,3,1,1,3,4,5,3,4,3,4,5,5,1,1,3
Blanca Campos Gutierrez,Con los 2,25 - 34 ,1,1,1,2,4,5,5,2,5,2,1,5,3,3,4,1,5,2,3,3,2,4,4,2
Rocio Herrera Hernandez,Mujer,25 - 34 ,2,4,2,4,5,1,2,1,5,4,2,1,2,1,5,4,2,2,3,3,2,2,1,5
Antonia Salinas Gomez,Mujer,15 - 24,1,4,2,1,5,5,1,3,1,5,2,4,1,3,5,1,1,1,5,3,5,2,3,3
Francisco Espinoza Contreras,Hombre,45 - 54 ,2,5,2,2,3,4,3,3,1,2,5,4,2,2,2,4,3,5,4,1,1,4,5,1
Nicolas Morales Cervantes,Hombre,45 - 54 ,4,5,3,3,2,1,3,5,3,1,5,3,2,5,4,4,2,4,1,3,5,3,5,5
Miguel Angel Vega Contreras,Hombre,15 - 24,4,5,2,2,5,2,4,5,2,1,2,4,2,1,5,2,1,1,5,3,3,2,5,1
Renata Sanchez Soto,Mujer,15 - 24,1,2,5,5,1,4,5,3,1,1,5,5,3,4,4,4,4,5,1,2,4,5,4,3
Camila Sanchez Castillo,Mujer,35 - 44 ,4,2,1,4,3,4,1,3,4,3,4,3,3,5,5,5,1,4,4,3,3,1,1,1
Dolores Espinoza Mendoza,Mujer,15 - 24,4,1,5,3,1,4,5,4,2,1,4,1,5,2,2,3,3,4,3,2,3,4,4,5
Rafael Cruz Cabrera,Hombre,45 - 54 ,4,5,2,3,4,1,1,2,1,1,1,1,2,1,4,3,5,2,2,1,2,2,1,4
Luz Figueroa Alvarez,Mujer,15 - 24,2,5,2,5,5,5,4,5,1,3,3,5,4,3,5,2,3,3,3,5,1,2,3,5
Lucia Salinas Castillo,Mujer,45 - 54 ,4,5,5,3,1,1,3,5,4,5,5,3,5,1,2,4,5,2,2,1,4,1,3,1
Teresa Sandoval Guerrero,Mujer,15 - 24,1,3,2,1,5,1,2,4,3,1,1,5,3,2,5,3,3,4,1,4,5,3,2,4
Alma Cruz Vazquez,Mujer,15 - 24,4,5,5,4,2,3,3,5,2,2,3,4,3,4,1,1,2,3,3,3,4,2,1,4
Rodrigo Diaz Herrera,Hombre,35 - 44 ,4,3,5,2,2,1,1,1,3,1,1,5,4,4,4,5,5,5,1,1,3,5,4,5
Rodrigo Aguilar Figueroa,Hombre,45 - 54 ,4,4,2,4,4,1,1,4,4,3,3,2,4,4,5,5,4,1,4,3,1,1,2,5
Valentin Dominguez Hernandez,Hombre,45 - 54 ,5,4,2,1,1,2,4,1,2,3,4,5,1,2,2,1,1,1,3,1,3,2,1,3
Guadalupe Luna Figueroa,Mujer,15 - 24,4,3,3,1,3,2,5,3,4,4,5,2,3,4,4,5,4,1,5,2,4,4,3,1
Ricardo Luna Contreras,Hombre,15 - 24,2,2,3,1,4,5,2,2,5,3,1,1,2,4,3,2,2,2,1,2,3,5,1,3
Gerardo Vazquez Dominguez,Hombre,35 - 44 ,5,2,2,4,1,1,1,1,5,5,1,2,3,5,3,4,3,5,1,2,2,3,2,2
Antonio Guerrero Aguilar,Hombre,15 - 24,2,1,2,1,5,2,5,5,4,5,1,5,3,5,3,2,1,5,5,1,5,5,2,1
Guadalupe Aguilar Lara,Mujer,15 - 24,1,4,4,4,3,5,5,4,3,3,5,2,4,4,1,2,4,5,4,2,4,2,3,2
Paola Alvarez Reyes,Mujer,45 - 54 ,4,2,1,5,4,2,3,5,3,2,1,2,5,3,3,4,4,4,3,2,5,1,3,1
Sebastian Figueroa Moreno,Hombre,35 - 44 ,4,4,5,5,3,2,4,4,2,3,1,3,2,3,5,3,3,2,3,4,3,5,1,5
Beatriz Vega Vazquez,Mujer,25 - 34,1,4,5,5,1,1,3,3,3,5,4,3,1,3,4,2,1,4,1,5,1,3,5,3
Rocio Sanchez Martinez,Mujer,15 - 24,4,5,1,3,1,3,5,4,1,5,1,2,4,4,2,4,4,4,4,2,1,2,2,5
Mauricio Ruiz Cervantes,Hombre,25 - 34,2,2,5,4,4,2,1,5,3,1,1,2,5,1,1,1,3,2,1,3,5,3,2,4
Daniel Mendoza Contreras,Hombre,25 - 34 ,3,4,3,3,1,5,1,4,1,1,3,1,2,1,5,1,4,5,1,2,2,2,4,4
Guillermo Espinoza Alvarez,Hombre,45 - 54 ,3,4,1,3,2,5,2,2,5,1,5,2,3,3,1,4,5,5,3,1,3,1,1,3
Fernando Vazquez Medina,Hombre,25 - 34,4,3,1,3,3,2,1,4,2,2,2,4,3,1,3,2,3,1,3,2,4,4,2,3
Rebeca Contreras Campos,Mujer,35 - 44 ,3,4,2,5,1,4,1,4,1,1,3,1,3,4,3,5,4,4,3,5,2,3,4,1
Arturo Espinoza Valdez,Hombre,35 - 44 ,1,2,4,1,1,4,4,5,2,3,2,2,1,3,1,4,4,3,3,4,1,3,4,2
Teresa Alvarez Diaz,Mujer,15 - 24,2,3,1,5,4,1,5,3,3,2,5,3,5,4,4,1,3,5,2,5,2,5,1,1
Daniela Gutierrez Sanchez,Mujer,45 - 54 ,1,3,2,1,1,2,3,5,5,2,2,5,2,3,3,1,2,4,2,1,3,5,2,4
Miguel Angel Carrillo Vargas,Hombre,45 - 54 ,1,2,1,4,2,2,5,4,1,5,2,5,4,5,2,3,5,2,4,3,5,5,2,2
Mauricio Nunez Hernandez,Hombre,15 - 24,5,2,2,1,5,4,1,3,1,2,5,1,5,4,4,3,1,1,3,3,4,2,5,5
Cristina Cervantes Gomez,Mujer,45 - 54 ,2,3,3,1,5,4,3,4,4,3,5,4,4,3,1,2,5,3,5,3,2,4,4,5
Monica Campos Cabrera,Mujer,45 - 54 ,1,3,1,2,1,4,2,5,1,2,4,2,3,3,3,4,4,1,3,1,2,3,2,3
Samuel Figueroa Espinoza,Hombre,15 - 24,5,1,1,3,4,3,3,1,3,3,2,1,2,5,3,2,1,2,5,1,2,2,4,3
Juan Carlos Moreno Diaz,Hombre,35 - 44 ,4,4,2,3,3,5,3,3,4,2,1,3,3,4,1,5,1,5,5,1,1,3,5,2
Cristian Perez Gutierrez,Hombre,15 - 24,4,3,1,3,2,2,3,4,1,2,4,1,4,2,3,3,2,5,4,5,5,4,2,1
Teresa Perez Vega,Mujer,15 - 24,4,1,3,3,2,5,1,5,5,4,1,4,1,5,2,2,4,2,5,1,3,2,1,2
Ximena Perez Campos,Mujer,15 - 24,1,2,3,4,4,1,1,4,4,3,3,5,4,2,2,5,5,5,3,4,2,2,2,2
Natalia Jimenez Gomez,Mujer,15 - 24,3,4,3,3,4,4,2,1,3,1,5,1,5,1,1,1,5,3,3,3,5,1,1,3
Liliana Flores Ramirez,Mujer,35 - 44 ,2,4,5,2,3,1,1,2,5,1,3,3,4,3,2,3,4,5,3,3,5,1,2,3
Jose Luis Ramos Vazquez,Hombre,35 - 44 ,3,3,5,2,5,3,5,1,3,4,1,5,4,5,2,1,2,1,5,5,2,5,3,1
Cristian Gomez Aguilar,Hombre,35 - 44 ,3,3,2,4,1,3,3,3,5,1,5,1,1,5,5,5,2,4,1,1,3,1,5,5
Diego Aguilar Vega,Hombre,35 - 44 ,5,4,2,1,2,4,4,4,5,1,2,4,4,5,3,5,4,2,5,4,4,5,4,2
Juana Vazquez Gonzalez,Mujer,15 - 24,4,2,2,3,5,5,3,1,3,4,3,4,4,4,3,3,4,5,3,1,5,1,2,2
Javier Herrera Castillo,Hombre,35 - 44 ,5,5,4,1,2,5,2,3,4,5,2,3,2,3,4,3,3,1,1,4,3,5,4,4
Fernanda Lopez Delgado,Mujer,25 - 34,1,1,5,1,5,5,3,1,2,2,1,2,3,5,4,3,2,2,4,4,1,1,1,5
Yolanda Moreno Garcia,Mujer,25 - 34,5,4,2,4,5,5,4,3,3,5,2,1,2,5,5,3,5,5,3,2,3,4,5,5
Andres Espinoza Sanchez,Hombre,15 - 24,5,3,3,3,1,1,2,4,1,5,4,1,4,4,3,5,2,2,1,1,2,1,5,4
Eduardo Lopez Luna,Hombre,15 - 24 ,4,2,4,2,4,1,3,5,3,4,1,3,4,5,3,3,4,5,3,1,1,1,3,5
Guadalupe Pacheco Morales,Mujer,45 - 54 ,5,5,1,4,2,5,1,2,2,1,3,1,2,1,1,2,5,1,4,4,2,2,5,3
Diego Flores Cruz,Hombre,45 - 54 ,3,5,2,5,5,4,2,4,3,2,2,2,5,1,1,3,5,5,3,2,3,1,4,4
Renata Morales Contreras,Mujer,35 - 44 ,3,5,3,4,2,1,4,1,4,4,1,2,2,5,1,2,5,4,1,1,1,5,5,3
Dolores Sandoval Dominguez,Mujer,35 - 44 ,3,2,2,1,1,2,1,4,3,1,2,2,1,3,2,3,3,1,3,5,3,2,4,5
Arturo Sandoval Garcia,Hombre,15 - 24,3,4,1,4,2,2,5,2,4,4,1,3,2,2,4,2,5,2,5,1,3,2,4,1
Emilio Moreno Perez,Hombre,15 - 24,2,2,1,2,2,4,4,2,4,4,4,1,1,3,2,2,4,5,3,5,4,4,4,3
Roberto Ramos Guerrero,Hombre,15 - 24,5,1,4,2,4,3,4,3,4,5,2,5,2,5,4,4,3,4,1,3,2,5,4,5
Patricia Flores Herrera,Mujer,35 - 44 ,5,5,3,3,5,2,3,4,3,2,2,1,5,5,2,1,4,5,3,3,4,5,4,1
Maximiliano Figueroa Ortega,Hombre,15 - 24,1,5,5,5,3,2,3,1,3,1,5,3,1,5,4,3,4,1,5,4,5,4,4,1
Blanca Dominguez Cervantes,Mujer,35 - 44 ,3,3,4,4,4,4,5,2,3,4,4,3,3,2,3,1,3,5,2,4,4,2,4,1
Ricardo Perez Herrera,Hombre,25 - 34,3,3,4,3,4,1,1,3,5,2,4,5,5,5,2,2,5,5,2,5,1,2,3,4
Arturo Lopez Espinoza,Hombre,25 - 34,1,1,3,2,1,4,2,3,3,2,3,4,1,4,3,5,1,5,5,1,4,5,2,2
Cristian Dominguez Figueroa,Hombre,25 - 34,4,5,5,2,4,2,4,5,1,5,5,1,2,1,5,5,3,4,4,1,1,1,1,3
Silvia Martinez Moreno,Mujer,15 - 24,1,1,3,1,2,5,5,5,2,2,2,4,2,5,5,5,2,5,5,1,3,5,2,3
Valeria Torres Romero,Mujer,35 - 44 ,3,4,4,1,5,2,3,1,2,3,1,4,4,3,3,4,5,5,4,2,5,2,1,1
Juana Nunez Valdez,Mujer,45 - 54 ,2,2,2,4,5,5,5,1,5,2,3,3,4,5,2,5,5,4,3,3,2,3,4,2
Adrian Morales Lara,Hombre,15 - 24 ,2,2,1,5,4,4,1,5,3,3,4,5,2,4,3,5,5,5,2,3,2,3,3,1
Ivan Vargas Morales,Hombre,35 - 44 ,4,5,3,1,1,5,2,3,1,2,3,4,1,5,4,3,5,4,4,2,2,2,4,3
Cristian Ruiz Espinoza,Hombre,35 - 44 ,1,3,1,4,3,5,4,3,2,1,2,1,4,2,1,5,1,2,1,4,3,1,5,2
Rocio Mendoza Luna,Mujer,25 - 34,2,1,1,1,2,5,2,2,4,4,5,1,4,2,5,4,5,2,3,5,1,5,3,5
Sebastian Ramirez Salinas,Hombre,45 - 54 ,3,2,2,4,1,3,4,4,4,2,5,2,4,2,4,4,3,3,5,4,1,4,1,1
Emilio Jimenez Martinez,Hombre,25 - 34,4,4,1,4,5,3,4,5,4,5,4,3,1,2,1,1,5,2,4,1,5,3,4,4
Andres Luna Romero,Hombre,35 - 44 ,2,1,3,1,1,4,5,4,4,2,3,5,5,2,5,5,4,5,5,2,5,2,3,3
Sofia Dominguez Medina,Mujer,15 - 24 ,1,4,2,1,2,3,3,4,4,2,4,3,1,2,4,2,5,4,4,4,5,5,3,5
Guadalupe Flores Vargas,Mujer,45 - 54 ,4,5,2,5,4,2,2,1,1,1,3,2,3,5,1,3,3,3,5,3,3,2,3,2
Joaquin Valdez Dominguez,Hombre,35 - 44 ,1,1,3,3,5,4,5,2,5,1,2,5,4,2,4,2,1,3,4,3,1,5,2,1
Rodrigo Garcia Contreras,Hombre,15 - 24 ,1,4,1,4,4,3,3,3,1,2,3,3,3,5,1,2,3,4,5,4,4,3,2,3
Josefa Cervantes Dominguez,Mujer,45 - 54 ,4,1,2,5,3,5,2,5,5,3,3,2,4,5,2,5,5,3,3,1,2,4,2,5
Paola Figueroa Aguilar,Mujer,35 - 44 ,3,4,5,1,3,1,5,2,3,1,4,1,2,3,5,3,3,1,4,2,3,4,4,4
Fernando Salinas Castillo,Hombre,35 - 44 ,1,5,1,2,3,5,4,5,1,2,3,2,5,1,5,1,3,1,1,1,5,5,4,1
Alma Contreras Ortega,Mujer,35 - 44 ,3,5,2,3,1,3,3,4,4,4,1,1,4,3,2,5,5,1,2,3,2,3,3,1
Guadalupe Vega Alvarez,Mujer,45 - 54 ,5,3,5,5,3,3,2,1,4,5,5,4,2,3,1,3,4,2,4,3,1,1,4,2
Liliana Hernandez Pacheco,Mujer,25 - 34 ,5,2,5,4,5,2,5,5,1,3,4,5,2,2,2,3,3,5,3,3,2,2,2,4
Ricardo Flores Dominguez,Hombre,35 - 44 ,4,4,2,3,2,5,3,5,3,5,5,5,4,2,5,1,2,5,5,4,2,4,2,4
Diego Ruiz Mendoza,Hombre,35 - 44 ,5,2,4,3,1,4,5,5,2,5,1,2,3,1,5,2,5,2,1,1,1,1,2,3
Diego Lara Perez,Hombre,25 - 34,1,5,1,2,1,4,1,5,1,2,1,3,5,2,5,3,2,4,5,1,2,1,4,2
Eduardo Mendoza Soto,Hombre,25 - 34,4,1,1,3,1,3,3,3,5,5,3,1,5,1,3,4,3,3,4,5,4,3,1,3
Sandra Campos Nunez,Con los 2,35 - 44 ,3,5,5,1,4,1,1,4,1,2,5,2,2,3,3,4,5,5,4,4,1,1,4,3
Carlos Cabrera Lopez,Hombre,25 - 34,4,1,3,5,2,3,2,3,5,2,1,5,4,1,4,5,2,4,2,2,5,5,1,5
Carlos Vega Valdez,Hombre,15 - 24 ,1,1,3,4,5,2,1,5,1,5,4,3,1,1,2,3,4,4,4,1,4,3,2,1
Rosa Mendoza Cruz,Mujer,45 - 54 ,2,2,2,3,2,1,3,5,2,2,5,5,4,2,2,1,3,4,3,4,4,1,1,2
Andres Ruiz Mendoza,Hombre,35 - 44 ,2,1,3,2,4,2,1,5,2,5,3,2,4,5,3,2,1,2,1,2,3,3,3,3
Alvaro Carrillo Cervantes,Hombre,35 - 44 ,1,3,5,1,4,1,2,2,5,3,5,4,2,5,5,4,4,5,3,4,3,4,5,4
Antonio Vargas Rodriguez,Hombre,25 - 34,5,2,4,4,2,5,3,1,5,5,2,2,4,4,1,4,1,4,1,2,5,2,5,2
Mateo Garcia Alvarez,Hombre,45 - 54 ,2,5,5,1,2,3,4,4,2,2,1,5,4,4,5,5,3,2,1,1,1,3,2,2
Roberto Lopez Castillo,Hombre,45 - 54 ,4,1,2,4,3,1,3,4,3,4,3,3,4,5,2,3,4,5,5,2,3,3,2,4
Silvia Figueroa Lara,Mujer,25 - 34,2,2,1,5,2,4,3,4,1,5,5,5,4,1,5,3,1,2,2,5,4,3,5,3
Monica Nunez Flores,Mujer,35 - 44 ,5,1,3,1,1,2,4,5,3,4,4,2,3,2,5,4,4,1,4,2,1,2,2,4
Rafael Cabrera Luna,Hombre,25 - 34,1,4,3,1,5,3,2,2,3,1,5,5,4,3,5,3,5,2,2,5,4,4,5,3
Luz Aguilar Perez,Mujer,35 - 44 ,4,1,4,1,4,2,4,3,5,2,5,5,2,4,3,4,2,2,1,1,1,2,5,1
Lucia Soto Nunez,Mujer,25 - 34,4,5,1,5,5,4,2,4,2,4,3,3,1,5,3,2,4,2,1,4,4,4,5,4
Gabriela Ortega Valdez,Mujer,15 - 24 ,2,4,4,3,1,1,1,4,2,3,2,5,5,1,4,3,1,5,4,4,4,2,5,2
Pablo Gomez Campos,Hombre,45 - 54 ,5,3,2,4,4,1,5,5,2,5,5,5,2,1,2,1,1,1,5,5,5,1,1,3
Fernanda Guerrero Valdez,Mujer,45 - 54 ,3,4,5,5,1,4,3,3,4,2,3,3,4,5,2,5,5,2,3,1,1,1,2,4
Andres Lara Vargas,Hombre,45 - 54 ,3,5,5,2,2,3,3,3,2,2,4,2,2,4,4,5,5,2,4,1,1,5,2,4
Ignacio Vega Gomez,Hombre,35 - 44 ,2,1,5,2,5,3,5,4,3,2,2,2,5,1,1,1,3,2,4,2,2,5,1,5
Francisca Valdez Lara,Mujer,25 - 34,1,3,4,5,1,1,5,4,4,5,2,5,2,2,4,3,5,2,3,5,1,1,2,3
Eduardo Luna Luna,Hombre,35 - 44 ,2,2,3,3,3,2,5,1,4,3,2,4,4,5,2,5,4,4,2,1,1,2,2,5
Yolanda Sandoval Rodriguez,Mujer,35 - 44 ,5,5,4,4,2,2,5,3,5,2,5,5,3,1,2,2,5,4,5,4,2,3,2,2
Claudia Valdez Sanchez,Mujer,35 - 44 ,2,4,3,1,1,5,5,5,2,3,5,1,1,2,2,2,1,3,1,1,4,5,4,2
Alvaro Lara Salinas,Hombre,45 - 54 ,5,1,1,2,4,1,2,3,1,1,5,5,1,5,1,2,2,2,5,4,2,5,4,4
Ruben Nunez Flores,Hombre,45 - 54 ,4,1,4,1,4,5,3,4,2,3,2,2,5,2,4,1,3,5,1,4,5,3,4,4
Emilio Hernandez Gonzalez,Hombre,45 - 54 ,4,3,2,4,4,4,2,1,4,1,3,1,2,1,5,1,1,3,5,1,1,2,2,2
Arturo Guerrero Alvarez,Hombre,15 - 24 ,2,1,4,1,2,3,5,3,3,1,3,2,2,4,4,4,1,1,5,4,3,1,2,3
Rosa Gutierrez Vega,Mujer,25 - 34,3,5,1,3,2,4,3,5,5,2,3,4,5,4,3,1,2,2,5,1,1,5,1,5
Rafael Sandoval Hernandez,Hombre,15 - 24 ,2,3,2,4,4,2,3,5,2,1,5,2,4,3,1,4,5,1,2,3,4,1,4,4
Ignacio Torres Reyes,Hombre,35 - 44 ,5,2,3,2,2,5,1,5,2,1,2,1,3,3,4,2,2,5,5,3,1,5,1,5
Monica Ramos Castillo,Mujer,35 - 44 ,3,2,5,3,3,5,2,5,4,4,3,5,4,2,2,3,3,2,4,1,3,3,5,3
Antonio Soto Medina,Hombre,45 - 54 ,2,5,4,4,1,3,3,1,4,5,1,2,3,3,1,3,1,5,5,2,4,4,5,1
Teresa Soto Aguilar,Mujer,25 - 34,3,2,3,5,1,4,1,5,2,1,3,5,4,2,4,2,3,1,3,5,2,5,1,3
Maria Aguilar Gonzalez,Mujer,25 - 34,3,2,1,3,5,5,1,1,1,5,4,3,3,5,2,5,5,1,1,4,1,1,5,2
Roberto Delgado Gutierrez,Hombre,35 - 44 ,3,3,4,2,3,5,5,4,3,3,2,3,2,4,1,2,3,1,3,5,5,4,4,5
Leticia Delgado Garcia,Mujer,45 - 54 ,2,5,2,1,4,4,1,1,3,3,3,5,3,2,1,5,3,1,2,1,4,4,4,2
Daniela Aguilar Gutierrez,Mujer,45 - 54 ,1,5,3,5,5,4,3,1,2,1,4,4,1,3,5,1,2,5,4,4,3,5,2,1
Rodrigo Aguilar Sanchez,Hombre,45 - 54 ,3,5,5,3,2,4,4,4,1,1,2,2,5,2,5,5,5,5,5,3,2,5,2,5
Camila Flores Lara,Mujer,35 - 44 ,4,3,4,5,5,1,1,4,2,3,4,4,4,2,1,3,1,3,4,1,4,5,2,4
Roberto Ruiz Soto,Hombre,15 - 24 ,3,3,3,5,1,4,2,4,4,5,5,3,4,4,5,1,3,4,3,5,3,1,1,1
Sandra Herrera Vazquez,Mujer,35 - 44 ,1,1,4,4,4,4,3,4,2,5,4,4,1,2,2,3,5,1,3,4,2,2,4,3
Jose Luis Figueroa Jimenez,Hombre,35 - 44 ,1,3,3,4,5,1,4,4,2,4,5,2,5,4,4,4,1,2,4,1,4,4,4,2
Gerardo Sanchez Espinoza,Hombre,25 - 34,4,3,2,1,1,4,2,4,3,4,5,4,4,5,2,2,3,5,3,2,2,1,1,2
Emilio Diaz Vargas,Hombre,15 - 24 ,1,3,1,1,1,3,5,1,4,4,2,5,3,1,5,3,1,3,3,4,2,2,5,4
Sebastian Ramirez Lara,Hombre,25 - 34,1,5,3,3,4,2,3,1,2,2,2,2,5,1,1,4,2,5,2,1,3,1,4,5
Sebastian Guerrero Diaz,Hombre,45 - 54 ,1,4,1,1,2,4,2,5,5,4,5,3,2,5,5,5,2,3,5,1,5,1,3,2
Emilio Ortega Vazquez,Hombre,45 - 54 ,4,2,2,2,3,4,5,1,2,5,1,5,5,1,1,3,2,5,3,4,4,1,3,5
Francisco Ramirez Contreras,Hombre,15 - 24 ,4,5,5,5,3,4,1,4,3,2,3,1,5,2,2,4,5,5,2,1,5,1,5,1
Maximiliano Nunez Gutierrez,Hombre,45 - 54 ,5,1,3,1,5,1,3,2,5,4,4,5,1,3,3,1,3,3,1,1,1,5,1,4
Andrea Mendoza Campos,Mujer,45 - 54 ,5,3,5,3,2,5,1,4,1,4,5,1,3,5,4,2,3,5,3,2,3,4,3,1
Roberto Aguilar Ramos,Hombre,35 - 44 ,1,3,2,3,2,5,1,2,5,4,4,3,2,5,5,1,2,5,5,1,5,4,2,3
Margarita Alvarez Salinas,Mujer,45 - 54 ,1,2,2,4,2,1,2,4,5,5,5,5,3,2,1,3,5,2,5,1,5,2,5,1
Teresa Mendoza Nunez,Mujer,25 - 34,2,3,5,1,3,4,3,4,5,1,1,1,2,3,4,1,4,5,1,1,1,3,2,3
Francisca Delgado Gonzalez,Mujer,25 - 34,3,5,4,3,2,2,5,4,5,1,1,2,3,4,3,3,4,5,5,2,5,1,2,1
Daniela Vega Sanchez,Mujer,45 - 54 ,3,3,5,4,3,1,5,2,5,5,3,3,3,3,3,5,3,3,5,5,2,5,3,1
Rebeca Gomez Nunez,Mujer,45 - 54 ,1,3,4,5,1,3,4,1,1,1,3,4,2,2,4,3,4,1,5,4,1,5,2,1
Juan Carlos Lopez Guerrero,Hombre,25 - 34,2,3,4,1,1,4,2,2,3,2,2,1,3,5,3,2,3,1,1,5,1,3,2,4
Jesus Diaz Diaz,Hombre,35 - 44 ,3,4,2,3,1,3,3,1,4,4,5,3,5,4,5,1,3,5,2,4,4,2,1,4
Blanca Jimenez Ortega,Mujer,25 - 34,2,3,2,2,1,4,4,4,2,2,2,1,1,4,3,2,1,3,2,1,4,3,1,3
Andres Moreno Campos,Hombre,15 - 24 ,2,2,4,5,1,4,2,3,5,4,4,3,4,3,3,2,3,5,5,2,5,5,2,4
Oscar Ortega Jimenez,Hombre,45 - 54 ,3,1,5,2,2,5,2,4,2,4,2,5,4,5,2,2,1,2,1,5,4,2,3,3
Silvia Herrera Garcia,Mujer,45 - 54 ,5,2,5,3,1,1,5,5,4,3,2,5,3,3,2,5,3,2,5,5,5,1,3,2
Valentin Pacheco Lopez,Hombre,35 - 44 ,2,3,1,4,3,5,5,3,3,5,1,4,1,1,2,2,4,2,3,4,2,4,4,5
Martha Ramirez Lopez,Mujer,15 - 24 ,2,3,3,5,4,2,1,5,2,4,5,4,4,3,3,1,5,2,2,1,4,2,4,2
Martha Gonzalez Lara,Mujer,25 - 34,4,5,3,2,2,1,1,4,1,4,5,2,1,3,3,5,1,5,1,2,2,1,2,1
Carmen Sanchez Vega,Mujer,45 - 54 ,3,3,3,2,3,5,2,3,3,3,3,2,2,5,2,5,5,5,2,4,3,4,1,2
Rodrigo Medina Valdez,Hombre,15 - 24 ,3,4,1,2,1,3,4,1,1,3,4,3,1,4,5,1,4,2,3,1,5,5,1,5
Sergio Cruz Moreno,Hombre,45 - 54 ,3,5,5,4,4,2,4,1,3,2,3,2,1,5,4,5,5,3,4,3,5,3,1,5
Sergio Ramos Valdez,Hombre,35 - 44 ,2,4,3,5,5,2,5,2,2,4,2,4,5,4,4,5,3,2,5,5,3,2,1,2
Rocio Cabrera Lopez,Mujer,15 - 24 ,3,3,1,1,3,2,2,3,1,3,1,5,2,3,5,4,2,5,2,1,4,2,4,4
Sebastian Salinas Ortega,Hombre,25 - 34,2,4,2,5,2,4,3,4,3,4,2,1,5,1,2,2,1,2,5,1,1,5,2,2
Monica Cabrera Cervantes,Mujer,25 - 34,1,5,4,2,4,4,5,5,1,5,4,5,2,1,5,5,3,3,4,2,1,2,4,4
Andrea Vazquez Ortega,Mujer,15 - 24,2,1,5,4,2,4,2,3,2,2,3,5,4,5,3,3,1,3,5,1,4,4,5,2
Juan Carlos Ramirez Carrillo,Hombre,35 - 44,3,2,1,1,2,5,4,1,4,5,2,1,1,3,2,3,1,1,2,4,1,1,2,3
Maria Figueroa Cruz,Mujer,15 - 24,3,4,4,4,3,3,2,5,5,4,2,4,5,4,2,1,4,1,2,1,4,5,1,3
Rodrigo Gutierrez Moreno,Hombre,35 - 44,4,3,4,4,1,2,1,5,2,1,2,3,4,4,1,2,2,2,1,3,2,1,1,1
Carmen Martinez Rodriguez,Mujer,35 - 44,4,3,4,5,3,2,4,2,5,1,1,3,4,3,2,1,1,4,1,3,5,5,2,1
Beatriz Ramos Ruiz,Mujer,25 - 34,5,3,3,5,5,3,1,3,2,2,5,1,3,4,4,5,4,4,3,5,4,5,5,1
Alma Valdez Carrillo,Mujer,25 - 34,3,2,2,5,3,3,2,5,5,1,1,5,2,1,3,5,1,3,5,5,3,5,4,4
Ruben Ortega Moreno,Hombre,15 - 24,5,2,1,2,4,4,2,1,4,3,2,2,5,1,3,1,2,1,2,1,2,4,4,4
Tomas Cervantes Figueroa,Hombre,25 - 34,4,3,5,4,3,1,3,5,1,4,2,1,1,1,5,3,5,1,3,3,5,3,4,2
Juana Moreno Salinas,Mujer,25 - 34,3,4,3,5,1,4,2,4,2,3,5,5,1,1,1,3,1,2,4,2,3,3,2,4
Paola Figueroa Gutierrez,Mujer,15 - 24,4,5,1,4,4,1,3,3,3,4,4,1,1,5,5,1,2,5,5,1,2,5,5,3
Maria Figueroa Dominguez,Mujer,45 - 54,3,4,1,5,1,4,1,5,3,5,2,4,2,5,5,2,3,3,2,1,3,4,2,3
Beatriz Dominguez Flores,Mujer,25 - 34 ,2,4,3,4,3,2,5,5,2,2,3,2,5,4,3,2,2,2,5,1,3,2,5,5
Guadalupe Diaz Ramirez,Mujer,45 - 54 ,4,3,1,3,1,2,2,4,4,1,5,5,3,4,1,2,4,3,5,2,1,4,1,1
Maria del Carmen Ramos Jimenez,Mujer,45 - 54 ,5,1,5,3,4,1,4,2,4,5,2,5,5,5,3,5,3,4,3,2,5,1,1,1
